Enzyme,sequence,restriction_site,cut_feature
AaaI,CGGCCG,-C/GGCCG-,Sticky
AagI,ATCGAT,-AT/CGAT-,Sticky
AanI,TTATAA,-TTA/TAA-,Blunt
AatI,AGGCCT,-AGG/CCT-,Blunt
AatII,GACGTC,-GACGT/C-,Sticky
AauI,TGTACA,-T/GTACA-,Sticky
AbaI,TGATCA,-T/GATCA-,Sticky
AbeI,CCTCAGC,-CC/TCAGC-,Sticky
AbrI,CTCGAG,-C/TCGAG-,Sticky
AbsI,CCTCGAGG,-CC/TCGAGG-,Sticky
AccII,CGCG,-CG/CG-,Blunt
AccIII,TCCGGA,-T/CCGGA-,Sticky
Acc16I,TGCGCA,-TGC/GCA-,Blunt
Acc65I,GGTACC,-G/GTACC-,Sticky
Acc113I,AGTACT,-AGT/ACT-,Blunt
AccBSI,CCGCTC,-CCG/CTC-,Blunt
AccEBI,GGATCC,-G/GATCC-,Sticky
AceII,GCTAGC,-GCTAG/C-,Sticky
AciI,CCGC,-C/CGC-,Sticky
AclI,AACGTT,-AA/CGTT-,Sticky
AclNI,ACTAGT,-A/CTAGT-,Sticky
AcvI,CACGTG,-CAC/GTG-,Blunt
AfaI,GTAC,-GT/AC-,Blunt
Afa16RI,CGATCG,-CGAT/CG-,Sticky
Afa22MI,CGATCG,-CGAT/CG-,Sticky
AfeI,AGCGCT,-AGC/GCT-,Blunt
AflII,CTTAAG,-C/TTAAG-,Sticky
AgeI,ACCGGT,-A/CCGGT-,Sticky
AhaIII,TTTAAA,-TTT/AAA-,Blunt
AhaB8I,GGTACC,-G/GTACC-,Sticky
AhlI,ACTAGT,-A/CTAGT-,Sticky
AhyI,CCCGGG,-C/CCGGG-,Sticky
AitI,AGCGCT,-AGC/GCT-,Blunt
AjiI,CACGTC,-CAC/GTC-,Blunt
AjoI,CTGCAG,-CTGCA/G-,Sticky
AliI,GGATCC,-G/GATCC-,Sticky
AliAJI,CTGCAG,-CTGCA/G-,Sticky
AluI,AGCT,-AG/CT-,Blunt
AluBI,AGCT,-AG/CT-,Blunt
Alw44I,GTGCAC,-G/TGCAC-,Sticky
Aor13HI,TCCGGA,-T/CCGGA-,Sticky
Aor51HI,AGCGCT,-AGC/GCT-,Blunt
AosI,TGCGCA,-TGC/GCA-,Blunt
ApaI,GGGCCC,-GGGCC/C-,Sticky
ApaCI,GGATCC,-G/GATCC-,Sticky
ApaLI,GTGCAC,-G/TGCAC-,Sticky
ApiI,CTGCAG,-CTGCA/G-,Sticky
AplI,CTGCAG,-CTGCA/G-,Sticky
AscI,GGCGCGCC,-GG/CGCGCC-,Sticky
AseI,ATTAAT,-AT/TTAT-,Sticky
AsiI,GGATCC,-G/GATCC-,Sticky
AsiAI,ACCGGT,-A/CCGGT-,Sticky
AsiGI,ACCGGT,-A/CCGGT-,Sticky
AsiSI,GCGATCGC,-GCGAT/CGC-,Sticky
Asi256I,GATC,-G/ATC-,Sticky
Asi372I,ATGCAT,-ATGCA/T-,Sticky
AsnI,ATTAAT,-AT/TAAT-,Sticky
Asp10HI,TTCGAA,-TT/CGAA-,Sticky
Asp713I,CTGCAG,-CTGCA/G-,Sticky
Asp718I,GGTACC,-G/GTACC-,Sticky
AspA2I,CCTAGG,-C/CTAGG-,Sticky
AspLEI,GCGC,-GCG/C-,Sticky
AspMI,AGGCCT,-AGG/CCT-,Blunt
AspMDI,GATC,-/GATC-,Sticky
AssI,AGTACT,-AGT/ACT-,Blunt
AsuII,TTCGAA,-TT/CGAA-,Sticky
AsuNHI,GCTAGC,-G/CTAGC-,Sticky
AviII,TGCGCA,-TGC/GCA-,Blunt
AvrII,CCTAGG,-C/CTAGG-,Sticky
AvrBII,CCTAGG,-C/CTAGG-,Sticky
BalI,TGGCCA,-TGG/CCA-,Blunt
BamHI,GGATCC,-G/GATCC-,Sticky
BanIII,ATCGAT,-AT/CGAT-,Sticky
BanAI,GGCC,-GG/CC-,Blunt
BauI,CACGAG,-C/ACGAG-,Sticky
BavI,CAGCTG,-CAG/CTG-,Blunt
BavAI,CAGCTG,-CAG/CTG-,Blunt
BavBI,CAGCTG,-CAG/CTG-,Blunt
BavCI,ATCGAT,-AT/CGAT-,Sticky
BbeI,GGCGCC,-GGCGC/C-,Sticky
Bbi24I,ACGCGT,-A/CGCGT-,Sticky
BbrI,AAGCTT,-A/AGCTT-,Sticky
BbrPI,CACGTG,-CAC/GTG-,Blunt
BbuI,GCATCG,-GCATG/C-,Sticky
BbvAII,ATCGAT,-AT/CGAT-,Sticky
BbvAIII,TCCGGA,-T/CCGGA-,Sticky
BbvCI,CCTCAGC,-CC/TCAGC-,Sticky
Bce243I,GATC,-/GATC-,Sticky
Bce751I,GGATCC,-G/GATCC-,Sticky
BceBI,CGCG,-CG/CG-,Blunt
Bci29I,ATCGAT,-AT/CGAT-,Sticky
BciBI,ATCGAT,-AT/CGAT-,Sticky
BclI,TGATCA,-T/GATCA-,Sticky
BcmI,ATCGAT,-AT/CGAT-,Sticky
Bco27I,CCGG,-C/CGG-,Sticky
BcoAI,CACGTG,-CAC/GTG-,Blunt
BcuI,ACTAGT,-A/CTAGT-,Sticky
BdiI,ATCGAT,-AT/CGAT-,Sticky
BecAI,GGCC,-GG/CC-,Blunt
BepI,CGCG,-CG/CG-,Blunt
BfaI,CTAG,-C/TAG-,Sticky
Bfi57I,GATC,-/GATC-,Sticky
BfrI,CTTAAG,-C/TTAAG-,Sticky
BfrBI,ATGCAT,-ATGCA/T-,Sticky
BfuCI,GATC,-/GATC-,Sticky
BglII,AGATCT,-A/GATCT-,Sticky
BimI,TTCGAA,-TT/CGAA-,Sticky
Bim19I,TTCGAA,-TT/CGAA-,Sticky
Bim19II,GGCC,-GG/CC-,Blunt
BlfI,TCCGGA,-T/CCGGA-,Sticky
Bli41I,ATCGAT,-AT/CGAT-,Sticky
Bli86I,ATCGAT,-AT/CGAT-,Sticky
BliAI,ATCGAT,-AT/CGAT-,Sticky
BliRI,ATCGAT,-AT/CGAT-,Sticky
BlnI,CCTAGG,-C/CTAGG-,Sticky
BloHI,CTGCAG,-CTGCA/G-,Sticky
BluI,CTCGAG,-C/TCGAG-,Sticky
Bme12I,GATC,-/GATC-,Sticky
Bme361I,GGCC,-GG/CC-,Blunt
BmgBI,CACGTC,-CAC/GTC-,Blunt
BmtI,GCTAGC,-GCTAG/C-,Sticky
BnaI,GGATCC,-G/GATCC-,Sticky
BpoAI,ATTAAT,-AT/TAAT-,Sticky
Bpu14I,TTCGAA,-TT/CGAA-,Sticky
Bpu95I,CGCG,-CG/CG-,Blunt
BpuAmI,GAGCTC,-GAG/CTC-,Blunt
BppuB5I,CGTACG,-C/GTACG-,Sticky
Bsa29I,ATCGAT,-AT/CGAT-,Sticky
BscI,ATCGAT,-AT/CGAT-,Sticky
BscFI,GATC,-/GATC-,Sticky
BseAI,TCCGGA,-T/CCGGA-,Sticky
BseCI,ATCGAT,-AT/CGAT-,Sticky
BsePI,GCGCGC,-G/CGCGC-,Sticky
BseQI,GGCC,-GG/CC-,Blunt
BseX3I,CGGCCG,-C/GGCCG-,Sticky
BseYI,CCCAGC,-C/CCAGC-,Sticky
BshI,GGCC,-GG/CC-,Blunt
Bsh1236I,CGCG,-CG/CG-,Blunt
BshFI,GGCC,-GG/CC-,Blunt
BshTI,ACCGGT,-A/CCGGT-,Sticky
BsiI,CACGAG,-C/ACGAG-,Sticky
BsiCI,TTCGAA,-TT/CGAA-,Sticky
BsiMI,TCCGGA,-T/CCGGA-,Sticky
BsiQI,TGATCA,-T/GATCA-,Sticky
BsiSI,CCGG,-C/CGG-,Sticky
BsiWI,CGTACG,-C/GTACG-,Sticky
BsiXI,ATCGAT,-AT/CGAT-,Sticky
Bsp13I,TCCGGA,-T/CCGGA-,Sticky
Bsp19I,CCATGG,-C/CATGG-,Sticky
Bsp50I,CGCG,-CG/CG-,Blunt
Bsp63I,CTGCAG,-CTGCA/G-,Sticky
Bsp67I,GATC,-/GATC-,Sticky
Bsp68I,TCGCGA,-TCG/CGA-,Blunt
Bsp98I,GGATCC,-G/GATCC-,Sticky
Bsp105I,GATC,-/GATC-,Sticky
Bsp106I,ATCGAT,-AT/CGAT-,Sticky
Bsp119I,TTCGAA,-TT/CGAA-,Sticky
Bsp120I,GGGCCC,-G/GGCCC-,Sticky
Bsp123I,CGCG,-CG/CG-,Blunt
Bsp143I,GATC,-/GATC-,Sticky
Bsp211I,GGCC,-GG/CC-,Blunt
Bsp1407I,TGTACA,-T/GTACA-,Sticky
Bsp2095I,GATC,-/GATC-,Sticky
Bsp4009I,GGATCC,-G/GATCC-,Sticky
BspAI,GATC,-/GATC-,Sticky
BspA2I,CCTAGG,-C/CTAGG-,Sticky
Bsp153AI,CAGCTG,-CAG/CTG-,Blunt
BspAAI,CTCCAG,-C/TCCAG-,Sticky
BspAAII,TCTAGA,-T/CTAGA-,Sticky
BspAAIII,GGATCC,-G/GATCC-,Sticky
BspANI,GGCC,-GG/CC-,Blunt
BspBI,CTGCAG,-CTGCA/G-,Sticky
BspBRI,GGCC,-GG/CC-,Blunt
BspCI,CGATCG,-CGAT/CG-,Sticky
BspDI,ATCGAT,-AT/CGAT-,Sticky
BspEI,TCCGGA,-T/CCGGA-,Sticky
BspFI,GATC,-/GATC-,Sticky
BspHI,TCATGA,-T/CATGA-,Sticky
BspJI,GATC,-/GATC-,Sticky
BspJII,ATCGAT,-AT/CGAT-,Sticky
BspKI,GGCC,-GG/CC-,Blunt
BspKT6I,GATC,-GAT/C-,Sticky
BspKT8I,AAGCTT,-A/AGCTT-,Sticky
BspLAI,GCGC,-GCG/C-,Sticky
BspLAII,TTCGAA,-TT/CGAA-,Sticky
BspLAIII,AAGCTT,-A/AGCTT-,Sticky
BspLU11I,ACATGT,-A/CATGT-,Sticky
BspMII,TCCGGA,-T/CCGGA-,Sticky
BspM39I,CAGCTG,-CAG/CTG-,Blunt
BspM90I,GTATAC,-GTA/TAC-,Blunt
BspMAI,CTGCAG,-CTGCA/G-,Sticky
BspMKI,GTCGAC,-G/TCGAC-,Sticky
BspO4I,CAGCTG,-CAG/CTG-,Blunt
BspOVII,ATCGAT,-AT/CGAT-,Sticky
BspRI,GGCC,-GG/CC-,Blunt
BspTI,CTTAAG,-C/TTAAG-,Sticky
BspT104I,TTCGAA,-TT/CGAA-,Sticky
BspXI,ATCGAT,-AT/CGAT-,Sticky
BspXII,TGATCA,-T/GATCA-,Sticky
BspZEI,ATCGAT,-AT/CGAT-,Sticky
BsrBI,CCGCTC,-CCG/CTC-,Blunt
BsrGI,TGTACA,-T/GTACA-,Sticky
BssHI,CTCGAG,-C/TCGAG-,Sticky
BssHII,GCGCGC,-G/CGCGC-,Sticky
BssIMI,GGGTC,-GG/GTC-,Sticky
BssNAI,GTATAC,-GTA/TAC-,Blunt
BssSI,CACGAG,-C/ACGAG-,Sticky
BstI,GGATCC,-G/GATCC-,Sticky
Bst19I,GATC,-/GATC-,Sticky
Bst28I,ATCGAT,-AT/CGAT-,Sticky
Bst40I,CCGG,-C/CGG-,Sticky
Bst98I,CTTAAG,-C/TTAAG-,Sticky
Bst1107I,GTATAC,-GTA/TAC-,Blunt
BstAUI,TGTACA,-T/GTACA-,Sticky
BstBI,TTCGAA,-TT/CGAA-,Sticky
Bst2BI,CACGAG,-C/ACGAG-,Sticky
BstBSI,GTATAC,-CTA/TAC-,Blunt
BstBZ153I,GCGCGC,-G/CGCGC-,Sticky
BstD102I,CCGCTC,-CCG/CTC-,Blunt
BstENII,GATC,-/GATC-,Sticky
BstEZ359I,GTTAAC,-GTT/AAC-,Blunt
BstFI,AAGCTT,-A/AGCTT-,Sticky
BstFNI,CGCG,-CG/CG-,Blunt
BstHHI,GCGC,-GCG/C-,Sticky
BstHPI,GTTAAC,-GTT/AAC-,Blunt
BstKTI,GATC,-GAT/C-,Sticky
BstMBI,GATC,-/GATC-,Sticky
Bst31NI,CCGCTC,-CCG/CTC-,Blunt
BstNZ169I,ATCGAT,-AT/CGAT-,Sticky
BstPZ740I,CTTAAG,-C/TTAAG-,Sticky
BstRZ246I,ATTTAAAT,-ATTT/AAAT-,Blunt
BstSNI,TACGTA,-TAC/GTA-,Blunt
BstSWI,ATTTAAAT,-ATTT/AAAT-,Blunt
BstT7I,TGATCA,-T/GATCA-,Sticky
BstUI,CGCG,-CG/CG-,Blunt
BstVI,CTCGAG,-C/TCGAG-,Sticky
BstZI,CGGCCG,-C/GGCCG-,Sticky
BstZ17I,GTATAC,-GTA/TAC-,Blunt
Bsu15I,ATCGAT,-AT/CGAT-,Sticky
Bsu23I,TCCGGA,-T/CCGGA-,Sticky
Bsu1532I,CGCG,-CG/CG-,Blunt
BsuBI,CTGCAG,-CTGCA/G-,Sticky
BsuFI,CCGG,-C/CGG-,Sticky
BsuMI,CTCGAG,-C/TCGAG-,Sticky
BsuRI,GGCC,-GG/CC-,Blunt
BsuTUI,ATCGAT,-AT/CGAT-,Sticky
BteI,GGCC,-GG/CC-,Blunt
BtkI,CGCG,-CG/CG-,Blunt
BtkII,GATC,-/GATC-,Sticky
BtrI,CACGTC,-CAC/GTC-,Blunt
BvuBI,CGTACG,-C/GTACG-,Sticky
CacI,GATC,-/GATC-,Sticky
CauB3I,TCCGGA,-T/CCGGA-,Sticky
CbiI,TTCGAA,-TT/CGAA-,Sticky
CboI,CCGG,-C/CGG-,Sticky
CciNI,GCGGCCGC,-GC/GGCCGC-,Sticky
CcoI,GCCGGC,-GCC/GGC-,Blunt
CcrI,CTCGAG,-C/TCGAG-,Sticky
CcyI,GATC,-/GATC-,Sticky
CdiI,CATCG,-CATG/G-,Blunt
CelI,GGATCC,-G/GATCC-,Sticky
CcqI,GATATC,-GAT/ATC-,Blunt
CflI,CTGCAG,-CTGCA/G-,Sticky
CfoI,GCGC,-GCG/C-,Sticky
Cfr6I,CAGCTG,-CAG/CTG-,Blunt
Cfr9I,CCCGGG,-C/CCGGG-,Sticky
Cfr42I,CCGCGG,-CCGC/GG-,Sticky
CfrA4I,CTGCAG,-CTGCA/G-,Sticky
CfrJ4I,CCCGGG,-CCC/GGG-,Blunt
CfuI,GATC,-GA/TC-,Blunt
CfuII,CTGCAG,-CTGCA/G-,Sticky
ChaI,GATC,-GATC/-,Sticky
ClaI,ATCGAT,-AT/CGAT-,Sticky
CltI,GGCC,-GG/CC-,Blunt
CpfI,GATC,-/GATC-,Sticky
CscI,CCGCGG,-CCGC/GG-,Sticky
CsiAI,ACCGGT,-A/CCGGT-,Sticky
CsiBI,GCGGCCGC,-GC/GGCCGC-,Sticky
Csp6I,GTAC,-G/TAC-,Sticky
Csp45I,TTCGAA,-TT/CGAA-,Sticky
CspAI,ACCGGT,-A/CCGGT-,Sticky
CspBI,GCGGCCGC,-GC/GGCCGC-,sicky
Csp68KII,TTCGAA,-TT/CGAA-,Sticky
Csp68KIII,ATGCAT,-ATGCA/T-,Sticky
Csp68KVI,CGCG,-CG/CG-,Blunt
CspKVI,CGCG,-CG/CG-,Blunt
CstI,CTGCAG,-CTGCA/G-,Sticky
CviAI,GATC,-/GATC-,Sticky
CviAII,CATG,-C/ATG-,Sticky
CviQI,GTAC,-G/TAC-,Sticky
CviRI,TGCA,-TG/CA-,Blunt
CviRII,GTAC,-G/TAC-,Sticky
DmaI,CAGCTG,-CAG/CTG-,Blunt
DpaI,AGTACT,-AGT/ACT-,Blunt
DpnI,GATC,-GA/TC-,Blunt
DpnII,GATC,-/GATC-,Sticky
DraI,TTTAAA,-TTT/AAA-,Blunt
DsaII,GGCC,-GG/CC-,Blunt
Eae46I,CCGCGG,-CCGC/GG-,Sticky
EaeAI,CCCGGG,-C/CCGGG-,Sticky
EagI,CGGCCG,-C/GGCCG-,Sticky
EagBI,CGATCG,-CGAT/CG-,Sticky
EclI,CAGCTG,-CAG/CTG-,Blunt
Ecl136II,GAGCTC,-GAG/CTC-,Blunt
EclRI,CCCGGG,-C/CCGGG-,Sticky
EclXI,CGGCCG,-C/GGCCG-,Sticky
Ecl37kI,CTGCAG,-CTGCA/G-,Sticky
Ecl2zI,CTGCAG,-CTGCA/G-,Sticky
Eco32I,GATATC,-GAT/ATC-,Blunt
Eco47III,AGCGCT,-AGC/GCT-,Blunt
Eco52I,CGGCCG,-C/GGCCG-,Sticky
Eco56I,GCCGGC,-G/CCGGC-,Sticky
Eco72I,CACGTG,-CAC/GTG-,Blunt
Eco78I,GGCGCC,-GGC/GCC-,Blunt
Eco105I,TACGTA,-TAC/GTA-,Blunt
Eco147I,AGGCCT,-AGG/CCT-,Blunt
Eco255I,AGTACT,-AGT/ACT-,Blunt
EcoICRI,GAGCTC,-GAG/CTC-,Blunt
EcoRI,GAATTC,-G/AATTC-,Sticky
ECoRV,GATATC,-GAT/ATC-,Blunt
EcoT22I,ATGCAT,-ATGCA/T-,Sticky
EcoVIII,AAGCTT,-A/AGCTT-,Sticky
Eco29kI,CCGCGG,-CCGC/GG-,Sticky
Eco53kI,GAGCTC,-GAG/CTC-,Blunt
EgeI,GGCGCC,-GGC/GCC-,Blunt
EheI,GGCGCC,-GGC/GCC-,Blunt
ErhB9I,CGATCG,-CGAT/CG-,Sticky
EsaBC3I,TCGA,-TC/GA-,Blunt
EsaBC4I,GGCC,-GG/CC-,Blunt
Esp4I,CTTAAG,-C/TTAAG-,Sticky
FalII,CGCG,-CG/CG-,Blunt
FatI,CATG,-/CATG-,Sticky
FauBII,CGCG,-CG/CG-,Blunt
FauNDI,CATATG,-CA/TATG-,Sticky
FbaI,TGATCA,-T/GATCA-,Sticky
FdiII,TGCGCA,-TGC/GCA-,Blunt
FgoI,CTAG,-C/TAG-,Sticky
FnuCI,GATC,-/GATC-,Sticky
FnuDI,GGCC,-GG/CC-,Blunt
FnuDII,CGCG,-CG/CG-,Blunt
FnuDIII,GCGC,-GCG/C-,Sticky
FnuEI,GATC,-/GATC-,Sticky
FseI,GGCCGGCC,-GGCCGG/CC-,Sticky
FspI,TGCGCA,-TGC/GCA-,Blunt
FspII,TTCGAA,-TT/CGAA-,Sticky
FspBI,CTAG,-D/TAG-,Sticky
FunI,AGCGCT,-AGC/GCT-,Blunt
FunII,GAATTC,-G/AATTC-,Sticky
GalI,CCGCGG,-CCGC/GG-,Sticky
GceI,CCGCGG,-CCGC/GG-,Sticky
GceGLI,CCGCGG,-CCGC/GG-,Sticky
GdiI,AGGCCT,-AGG/CCT-,Blunt
GstI,GGATCC,-G/GATCC-,Sticky
HacI,GATC,-/GATC-,Sticky
HaeIII,GGCC,-GG/CC-,Blunt
HalI,GAATTC,-G/AATTC-,Sticky
HalII,CTGCAG,-CTGCA/G-,Sticky
HapII,CCGG,-C/CGG-,Sticky
HgiCIII,GTCGAC,-G/TCGAC-,Sticky
HgiDII,GTCGAC,-G/TCGAC-,Sticky
HhaI,GCGC,-GCG/C-,Sticky
Hin1II,GATG,-CATG/-,Sticky
Hin2I,CCGG,-C/CGG-,Sticky
Hin6I,GCGC,-G/CGC-,Sticky
Hinp1I,GCGC,-G/CGC-,Sticky
HindIII,AAGCTT,-A/AGCTT-,Sticky
HjaI,GATATC,-GAT/ATC-,Blunt
HpaI,GTTAAC,-GTT/AAC-,Blunt
HpaII,CCGG,-C/CGG-,Sticky
HpyBI,GTAC,-GT/AC-,Blunt
HpyCI,GATATC,-GAT/ATC-,Blunt
HpyCH4I,CATG,-CATG/-,Sticky
HpyCH4IV,ACGT,-A/CGT-,Sticky
HpyCH4V,TGCA,-TG/CA-,Blunt
HpyF44III,TGCA,-TG/CA-,Blunt
HsoI,GCGC,-G/CGC-,Sticky
Hsp92II,CATG,-CATG/-,Sticky
HspAI,GCGC,-G/CGC-,Sticky
HsuI,AAGCTT,-A/AGCTT-,Sticky
I-CeuI,TAACTATAACGGTCCTAAGGTAGCGAAGGTAGCGAA,-TAACTATAACGGTCCTAAGGTAGCGAA/GGTAGCGAA-,Sticky
I-SceI,TAGGGATAACAGGGTAAT,-TAGGGATAA/CAGGGTAAT-,Sticky
KasI,GGCGCC,-G/GCGCC-,Sticky
KpnI,GGTACC,-GGTAC/C-,Sticky
Kpn2I,TCCGGA,-T/CCGGA-,Sticky
Kpn378I,CCGCGG,-CCGC/GG-,Sticky
Kpn49kI,GAATTC,-G/AATTC-,Sticky
Ksp22I,TGATCA,-T/GATCA-,Sticky
KspAI,GTTAAC,-GTT/AAC-,Blunt
Kzo9I,GATC,-/GATC-,Sticky
LcaI,ATCGAT,-AT/CGAT-,Sticky
LlaAI,GATC,-/GATC-,Sticky
LlaCI,AAGCTT,-A/AGCTT-,Sticky
LlaG2I,GCTAGC,-G/CTAGC-,Sticky
LplI,ATCGAT,-AT/CGAT-,Sticky
LspI,TTCGAA,-TT/CGAA-,Sticky
MaeI,CTAG,-C/TAG-,Sticky
MaeII,ACGT,-A/CGT-,Sticky
MaeK81I,CGTACG,-C/GTACG-,Sticky
MavI,CTCGAG,-C/TCGAG-,Sticky
MbiI,CCGCTC,-CCG/CTC-,Blunt
MboI,GATC,-/GATC-,Sticky
MchI,GGCGCC,-GG/CGCC-,Sticky
MchAI,GCGGCCGC,-GC/GGCCGC-,Sticky
MchAII,GGCC,-GG/CC-,Blunt
MfeI,CAATTG,-C/AATTG-,Sticky
MfoAI,GGCC,-GG/CC-,Blunt
MgoI,GATC,-/GATC-,Sticky
MhaAI,CTGCAG,-CTGCA/G-,Sticky
MkrAI,GATC,-/GATC-,Sticky
MlaI,TTCGAA,-TT/CGAA-,Sticky
MlaAI,CTCGAG,-C/TCGAG-,Sticky
MlsI,TGGCCA,-TGG/CCA-,Blunt
MltI,AGCT,-AG/CT-,Blunt
MluI,ACGCGT,-A/CGCGT-,Sticky
Mlu23I,GGATCC,-G/GATCC-,Sticky
Mlu31I,TGGCCA,-TGG/CCA-,Blunt
MluB2I,TCGCGA,-TCG/CGA-,Blunt
MluCI,AATT,-/AATT-,Sticky
MluNI,TGGCCA,-TGG/CCA-,Blunt
Mly113I,GGCGCC,-GG/CGCC-,Sticky
MnoI,CCGG,-C/CGG-,Sticky
Mph1103I,ATGCAT,-ATGCA/T-,Sticky
MroI,TCCGGA,-T/CCGGA-,Sticky
MroNI,GCCGGC,-G/CCGGC-,Sticky
MscI,TGGCCA,-TGG/CCA-,Blunt
MseI,TTAA,-T/TAA-,Sticky
MspI,CCGG,-C/CGG-,Sticky
Msp20I,TGGCCA,-TGG/CCA-,Blunt
MspCI,CTTAAG,-C/TTAAG-,Sticky
MspSWI,ATTTAAAT,-ATTT/AAAT-,Blunt
MssI,GTTTAAAC,-GTTT/AAAC-,Blunt
MstI,TGCGCA,-TGC/GCA-,Blunt
MthZI,CTAG,-C/TAG-,Sticky
MunI,CAATTG,-C/AATTG-,Sticky
MvnI,CGCG,-CG/CG-,Blunt
MvrI,CGATCG,-CGAT/CG-,Sticky
MxaI,GAGCTC,-GAG/CTC-,Blunt
NaeI,GCCGGC,-GCC/GGC-,Blunt
NarI,GGCGCC,-GG/CGCC-,Sticky
Nb.BbvCI,CCTCAGC,-CCTCAGC-,Nicked
Nb.BssSI,CACGAG,-CACGAG-,Nicked
NblI,CGATCG,-CGAT/CG-,Sticky
NcoI,CCATGG,-C/CATGG-,Sticky
NcrI,AGATCT,-A/GATCT-,Sticky
NdaI,GGCGCC,-GG/CGCC-,Sticky
NdeI,CATATG,-CA/TATG-,Sticky
NdeII,GATC,-/GATC-,Sticky
NgoAIII,CCGCGG,-CCGC/GG-,Sticky
NgoAIV,GCCGGC,-G/CCGGC-,Sticky
NgoMIV,GCCGGC,-G/CCGGC-,Sticky
NgoPII,GGCC,-GG/CC-,Blunt
NgoPIII,CCGCGG,-CCGC/GG-,Sticky
NheI,GCTAGC,-G/CTAGC-,Sticky
NlaII,GATC,-/GATC-,Sticky
NlaIII,CATG,-CATG/-,Sticky
NmeCI,GATC,-/GATC-,Sticky
NmeRI,CAGCTG,-CAG/CTG-,Blunt
NopI,GTCGAC,-G/TCGAC-,Sticky
NotI,GCGGCCGC,-GC/GGCCGC-,Sticky
NphI,GATC,-/GATC-,Sticky
NruI,TCGCGA,-TCG/CGA-,Sticky
NsbI,TGCGCA,-TGC/GCA-,Blunt
NsiI,ATGCAT,-ATGCA/T-,Sticky
NsiCI,GATATC,-GAT/ATC-,Blunt
NspV,TTCGAA,-TT/CGAA-,Sticky
Nsp29132II,GGATCC,-G/GATCC-,Sticky
NspLKI,GGCC,-GG/CC-,Blunt
NspMACI,AGATCT,-A/GATCT-,Sticky
NspASIV,GGATCC,-G/GATCC-,Sticky
Nt.BbvCI,CCTCAGC,-CC/TCAGC-,Nicked
NunII,GGCGCC,-GG/CGCC-,Sticky
OkrAI,GGATCC,-G/GATCC-,Sticky
PabI,GTAC,-GTA/C-,Sticky
PacI,TTAATTAA,-TTAAT/TAA-,Sticky
Pac25I,CCCGGG,-C/CCGGG-,Sticky
PaeI,GCATGC,-GCATG/C-,Sticky
PaeAI,CCGCGG,-CCGC/GG-,Sticky
PaeBI,CCCGGG,-CCC/GGG-,Blunt
PaeHII,CTGCAG,-CTGCA/G-,Sticky
PaeQI,CCGCGG,-CCGC/GG-,Sticky
PaeR7I,CTCGAG,-C/TCGAG-,Sticky
Pae2kI,AGATCT,-A/GATCT-,Sticky
Pae5kI,CCGCGG,-CCGC/GG-,Sticky
Pae14kI,CCGCGG,-CCGC/GG-,Sticky
Pae17kI,CAGCTG,-CAG/CTG-,Blunt
Pae18kI,AGATCT,-A/GATCT-,Sticky
PagI,TCATGA,-T/CATGA-,Sticky
PalI,GGCC,-GG/CC-,Blunt
PamI,TGCGCA,-TGC/GCA-,Sticky
PanI,CTCGAG,-C/TCGAG-,Sticky
PauI,GCGCGC,-G/CGCGC-,Sticky
PauAII,TTTAAA,-TTT/AAA-,Blunt
PceI,AGGCCT,-AGG/CCT-,Blunt
PciI,ACATGT,-A/CATGT-,Sticky
Pde133I,GGCC,-GG/CC-,Blunt
Pde137I,CCGG,-C/CGG-,Sticky
PdiI,GCCGGC,-GCC/GGC-,Blunt
PfaAII,CATATG,-CA/TATG-,Sticky
PfaAIII,GCATGC,-GCATG/C-,Sticky
Pfl8I,GGATCC,-G/GATCC-,Sticky
Pfl21I,CTGCAG,-CTGCA/G-,Sticky
Pfl23II,CGTACG,-C/GTACG-,Sticky
PflKI,GGCC,-GG/CC-,Blunt
PgaI,ATCGAT,-AT/CGAT-,Sticky
PhoI,GGCC,-GG/CC-,Blunt
PinAI,ACCGGT,-A/CCGGT-,Sticky
PinBI,ATGCAT,-ATGCA/T-,Sticky
PinBII,TCCGGA,-T/CCGGA-,Sticky
PI-PspI,TGGCAAACAGCTATTATGGGTATTATGGGT,-TGGCAAACAGCTATTAT/GGGTATTATGGGT-,Sticky
PI-SceI,ATCTATGTCGGGTGCGGAGAAAGAGGTAAT,-ATCTATGTCGGGTGC/GGAGAAAGAGGTAAT-,Sticky
PlaI,GGCC,-GG/CC-,Blunt
PlaII,TTCGAA,-TT/CGAA-,Sticky
PlaAII,GTAC,-GT/AC-,Blunt
Ple19I,CGATCG,-CGAT/CG-,Sticky
PluTI,GGCGCC,-GGCGC/C-,Sticky
PmaCI,CACGTG,-CAC/GTG-,Blunt
PmeI,GTTTAAAC,-GTTT/AAAC-,Blunt
Pme55I,AGGCCT,-AGG/CCT-,Blunt
PmlI,CACGTG,-CAC/GTG-,Blunt
PovII,CAGCTG,-CAG/CTG-,Blunt
PpaAI,TTCGAA,-TT/CGAA-,Sticky
PpaAII,TCGA,-T/CGA-,Sticky
PpeI,GGGCCC,-GGGCC/C-,Sticky
Ppu10I,ATGCAT,-A/TGCAT-,Sticky
Ppu111I,GAATTC,-G/AATTC-,Sticky
PpuAI,CGTACG,-C/GTACG-,Sticky
PshBI,ATTAAT,-AT/TAAT-,Sticky
PsiI,TTATAA,-TTA/TAA-,Blunt
Psp23I,CTGCAG,-CTGCA/G-,Sticky
Psp1406I,AACGTT,-AA/CGTT-,Sticky
PspAI,CCCGGG,-C/CCGGG-,Sticky
PspALI,CCCGGG,-CCC/GGG-,Blunt
Psp124BI,GAGCTC,-GAGCT/C-,Sticky
PspCI,CACGTG,-CAC/GTG-,Blunt
PspLI,CGTACG,-C/GTACG-,Sticky
PspOMI,GGGCCC,-G/GGCCC-,Sticky
PstI,CTGCAG,-CTGCA/G-,Sticky
PstNHI,GCTAGC,-G/CTAGC-,Sticky
Psu161I,CGATCG,-CGAT/CG-,Sticky
PtaI,TCCGGA,-T/CCGGA-,Sticky
Pun14627I,TGCGCA,-TGC/GCA-,Blunt
Pun14627II,CAGCTG,-CAG/CTG-,Blunt
PvuI,CGATCG,-CGAT/CG-,Sticky
PvuII,CAGCTG,-CAG/CTG-,Blunt
Pvu84II,CAGCTG,-CAG/CTG-,Blunt
RalF40I,GATC,-/GATC-,Sticky
RcaI,TCATGA,-T/CATGA-,Sticky
RflFI,GTCGAC,-G/TCGAC-,Sticky
RflFII,AGTACT,-AGT/ACT-,Blunt
RmaI,CTAG,-C/TAG-,Sticky
Rme21I,ATCGAT,-AT/CGAT-,Sticky
RsaI,GTAC,-GT/AC-,Blunt
RshI,CGATCG,-CGAT/CG-,Sticky
RspLKI,GCATGC,-GCATG/C-,Sticky
RspLKII,GGATCC,-G/GATCC-,Sticky
RspXI,TCATGA,-T/CATGA-,Sticky
RsrI,GAATTC,-G/AATTC-,Sticky
RtrI,GTCGAC,-G/TCGAC-,Sticky
Rtr63I,GTCGAC,-G/TCGAC-,Sticky
SacI,GAGCTC,-GAGCT/C-,Sticky
SacII,CCGCGG,-CCGC/GG-,Sticky
SalI,GTCGAC,-G/TCGAC-,Sticky
SalPI,CTGCAG,-CTGCA/G-,Sticky
SarI,AGGCCT,-AGG/CCT-,Blunt
Sau3239I,CTCGAG,-C/TCGAG-,Sticky
Sau3AI,GATC,-/GATC-,Sticky
SauBMKI,GCCGGC,-GCC/GGC-,Blunt
SauHPI,GCCGGC,-GCC/GGC-,Blunt
SauLPI,GCCGGC,-GCC/GGC-,Blunt
SauLPII,CTCGAG,-C/TCGAG-,Sticky
SauMI,GATC,-/GATC-,Sticky
SauNI,GCCGGC,-GCC/GGC-,Blunt
SauSI,GCCGGC,-GCC/GGC-,Blunt
SbfI,CCTGCAGG,-CCTGCA/GG-,Sticky
Sbi68I,CTCGAG,-C/TCGAG-,Sticky
Sbo13I,TCGCGA,-TCG/CGA-,Blunt
SbvI,GGCC,-GG/CC-,Blunt
ScaI,AGTACT,-AGT/ACT-,Sticky
SceIII,GCCGGC,-G/CCGGC-,Sticky
SchZI,CCGCGG,-CCGC/GG-,Sticky
SciI,CTCGAG,-CTC/GAG-,Blunt
SciNI,GCGC,-G/CGC-,Sticky
SdaI,CCTGCAGG,-CCTGCA/GG-,Sticky
SelI,CGCG,-/CGCG-,Sticky
SenPT16I,CGGCCG,-C/GGCCG-,Sticky
SenPT14bI,CCGCGG,-CCGC/GG-,Sticky
SepI,ATGCAT,-ATGCA/T-,Sticky
SexBI,CCGCGG,-CCGC/GG-,Sticky
SexCI,CCGCGG,-CCGC/GG-,Sticky
SfaI,GGCC,-GG/CC-,Sticky
SflI,CTGCAG,-CTGCA/G-,Sticky
SfoI,GGCGCC,-GGC/GCC-,Blunt
Sfr274I,CTCGAG,-C/TCGAG-,Sticky
Sfr303I,CCGCGG,-CCGC/GG-,Sticky
SfuI,TTCGAA,-TT/CGAA-,Sticky
SgfI,GCGATCGC,-GCGAT/CGC-,Sticky
SgrBI,CCGCGG,-CCGC/GG-,Sticky
SimI,GGGTC,-GG/GTC-,Sticky
SlaI,CTCGAG,-C/TCGAG-,Sticky
Slu1777I,GCCGGC,-GCC/GGC-,Blunt
SmaI,CCCGGG,-CCC/GGG-,Blunt
SmiI,ATTTAAAT,-ATTT/AAAT-,Blunt
SnaBI,TACGTA,-TAC/GTA-,Blunt
SnoI,GTGCAC,-G/TGCAC-,Sticky
SolI,GGATCC,-G/GATCC-,Sticky
Sol10179I,CTCGAG,-C/TCGAG-,Sticky
SpaHI,GCATGC,-GCATG/C-,Sticky
SpeI,ACTAGT,-A/CTAGT-,Sticky
SphI,GCATGC,-GCATG/C-,Sticky
SplI,CGTAGC,-C/GTAGC-,Sticky
SpmI,ATCGAT,-AT/CGAT-,Sticky
SpoI,TCGCGA,-TCG/CGA-,Blunt
SpuI,CCGCGG,-CCGC/GG-,Sticky
SrfI,GCCCGGGC,-GCCC/GGGC-,Blunt
SrlI,GCCGGC,-G/CCGGC-,Sticky
Srl5DI,CTGCAG,-CTGCA/G-,Sticky
Srl32DII,GAATTC,-G/AATTC-,Sticky
Srl55DI,GAATTC,-G/AATTC-,Sticky
SruI,TTTAAA,-TTT/AAA-,Blunt
Sru4DI,ATTAAT,-AT/TAAT-,Sticky
Sru30DI,AGGCCT,-AGG/CCT-,Blunt
SsbI,AAGCTT,-A/AGCTT-,Sticky
Sse9I,AATT,-/AATT-,Sticky
Sse232I,CGCCGGCG,-CG/CCGGCG-,Sticky
Sse8387I,CCTGCAGG,-CCTGCA/GG-,Sticky
SseAI,GGCGCC,-GG/CGCC-,Sticky
SseBI,AGGCCT,-AGG/CCT-,Blunt
SsiI,GGCG,-C/GCG-,Sticky
SsiAI,GATC,-/GATC-,Sticky
SsiBI,GATC,-/GATC-,Sticky
SsoI,GAATTC,-G/AATTC-,Sticky
SspI,AATATT,-AAT/ATT-,Blunt
Ssp1I,TTCGAA,-TT/CGAA-,Sticky
Ssp4800I,TGTACA,-T/GTACA-,Sticky
Ssp5230I,GACGTC,-GACGT/C-,Sticky
Ssp27144I,ATCGAT,-AT/CGAT-,Sticky
SspBI,TGTACA,-T/GTACA-,Sticky
SspCI,GCCGGC,-GCC/GGC-,Blunt
SspD5II,ATGCAT,-ATGCA/T-,Sticky
SspRFI,TTCGAA,-TT/CGAA-,Sticky
SsrI,GTTAAC,-GTT/AAC-,Blunt
SstI,GAGCTC,-GAGCT/C-,Sticky
SstI,CCGCGG,-CCGC/GG-,Sticky
Sst12I,CTGCAG,-CTGCA/G-,Sticky
SteI,AGGCCT,-CGG/CCT-,Blunt
SthI,GGTACC,-G/GTACC-,Sticky
Sth134I,CCGG,-C/CGG-,Sticky
Sth368I,GATC,-/GATC-,Sticky
StrI,CTCGAG,-C/TCGAG-,Sticky
StuI,AGGCCT,-AGG/CCT-,Blunt
SuaI,GGCC,-GG/CC-,Blunt
SunI,CGTACG,-C/GTACG-,Sticky
SurI,GGATCC,-G/GATCC-,Sticky
SviI,TTCGAA,-TT/CGAA-,Sticky
SwaI,ATTTAAAT,-ATTT/AAAT-,Blunt
TaiI,ACGT,-ACGT/-,Sticky
TaqI,TCGA,-T/CGA-,Sticky
TasI,AATT,-/AATT-,Sticky
ThaI,CGCG,-CG/CG-,Blunt
TliI,CTCGAG,-C/TCGAG-,Sticky
Tru1I,TTAA,-T/TAA-,Sticky
Tru9I,TTAA,-T/TAA-,Sticky
TscI,ACGT,-ACGT/-,Sticky
Tsp32I,TCGA,-T/CGA-,Sticky
Tsp32II,TCGA,-T/CGA-,Sticky
Tsp49I,ACGT,-ACGT/-,Sticky
Tsp509I,AATT,-/AATT-,Sticky
TspEI,AATT,-/AATT-,Sticky
TspMI,CCCGGG,-C/CCGGG-,Sticky
TthHB8I,TCGA,-T/CGA-,Sticky
Uba4009I,GGATCC,-G/GATCC-,Sticky
Uba153AI,CAGCTG,-CAG/CTG-,Blunt
UbaM39I,CAGCTG,-CAG/CTG-,Blunt
Vha464I,CTTAAG,-C/TTAAG-,Sticky
VneI,GTGCAC,-G/TGCAC-,Sticky
VspI,ATTAAT,-AT/TAAT-,Sticky
XbaI,TCTAGA,-T/CTAGA-,Sticky
XcaI,GTATAC,-GTA/TAC-,Blunt
XciI,GTCGAC,-G/TCGAC-,Sticky
XcyI,CCCGGG,-C/CCGGG-,Sticky
XhoI,CTCGAG,-C/TCGAG-,Sticky
XmaI,CCCGGG,-C/CCGGG-,Sticky
XmaIII,CGGCCG,-C/GGCCG-,Sticky
XmaCI,CCCGGG,-C/CCGGG-,Sticky
XmaJI,CCTAGG,-C/CTAGG-,Sticky
XorII,CGATCG,-CGAT/CG-,Sticky
XpaI,CTCGAG,-C/TCGAG-,Sticky
XspI,CTAG,-C/TAG-,Sticky
YneI,CTGCAG,-CTGCA/G-,Sticky
ZhoI,ATCGAT,-AT/CGAT-,Sticky
ZraI,GACGTC,-GAC/GTC-,Blunt
ZrmI,AGTACT,-AGT/ACT-,Blunt
Zsp2I,ATGCAT,-ATGCA/T-,Sticky
