Enzyme,sequence,restriction_site,cut_feature
AarI,CACCTGC,[CACCTGCNNNN/NNNN],sticky
AccI,GTMKAC,[GT/MKAC],sticky
Acc36I,ACCTGC,[ACCTGCNNNN/NNNN],sticky
AccB1I,GGYRCC,[G/GYRCC],sticky
AccB2I,RGCGCY,[RGCGC/Y],sticky
AccB7I,CCANNNNNTGG,[CCANNNN/NTGG],sticky
AceI,GCWGC,[G/CWGC],sticky
AceIII,CAGCTC,[CAGCTCNNNNNN/NNNN],sticky
AclWI,GGATC,[GGATCNNNN/N],sticky
AcoI,YGGCCR,[Y/GGCCR],sticky
AcpII,CCANNNNNTGG,[CCANNNN/NTGG],sticky
AcrII,GGTNACC,[G/GTNACC],sticky
AcsI,RAATTY,[R/AATTY],sticky
AcuI,CTGAAG,[CTGCCGNNNNNNNNNNNNNNNN/],sticky
AcyI,GRCGYC,[GR/CGYC],sticky
AdeI,CACNNNGTG,[CACNNN/GTG],sticky
AeuI,CCWGG,[CC/WGG],sticky
AfiI,CCNNNNNNNGG,[CCNNNNN/NNGG],sticky
AflI,GGWCC,[G/GWCC],sticky
AflIII,ACRYGT,[A/CRYGT],sticky
AglI,CCWGG,[CC/WGG],sticky
AgsI,TTSAA,[TTS/AA],sticky
AhaI,CCSGG,[CC/SGG],sticky
AhaII,GRCGYC,[GR/CGYC],sticky
AhdI,GACNNNNNGTC,[GACNNN/NNGTC],sticky
AjnI,CCWGG,[/CCWGG],sticky
AjuI,GAANNNNNNNTTGG,[NNNNN/NNNNNNNGAANNNNNNNTTGGNNNNNNNNNNN/],undefined
AlfI,GCANNNNNNTGC,[GCANNNNNNTGCNNNNNNNNNNNN/],sticky
AloI,GAACNNNNNNTCC,[GAACNNNNNNTCCNNNNNNNNNNNN/],sticky
AlwI,GGATC,[GGATCNNNN/N],sticky
Alw21I,GWGCWC,[GWGCW/C],sticky
Alw26I,GTCTC,[GTCTCN/NNNN],sticky
AlwNI,CAGNNNCTG,[CATNNN/CTG],sticky
AlwXI,GCAGC,[GCAGCNNNNNNNN/NNNN],sticky
Ama87I,CYCGRG,[C/YCGRG],sticky
AmaCSI,GCTCCA,[GCTCCANNNNNNNNNNN/],sticky
AocI,CCTNAGG,[CC/TNAGG],sticky
AocII,GDGCHC,[GDGCH/C],sticky
AorI,CCWGG,[CC/WGG],sticky
AosII,GRCGYC,[GR/CGYC],sticky
ApaBI,GCANNNNNTGC,[GCANNNNN/TGC],sticky
ApaORI,CCWGG,[CC/WGG],sticky
ApeKI,GCWGC,[G/CWGC],sticky
ApoI,RAATTY,[R/AATTY],sticky
ApyI,CCWGG,[CC/WGG],sticky
ApyPI,ATCGAC,[ATCGACNNNNNNNNNNNNNNNNNNNN/],sticky
AquI,CTCGRG,[C/YCGRG],sticky
AquII,GCCGNAC,[GCCGNACNNNNNNNNNNNNNNNNNNNN/],sticky
AquIII,GAGGAG,[GAGGAGNNNNNNNNNNNNNNNNNNNN/],sticky
AquIV,GRGGAAG,[GRGGAAGNNNNNNNNNNNNNNNNNNN/],sticky
ArsI,GACNNNNNNTTYG,[NNNNN/NNNNNNNNNGACNNNNNNTTYGNNNNNNNNNNN/],undefined
AseII,CCSGG,[CC/SGG],sticky
AspI,GACNNNGTC,[GACN/CCGTC],sticky
Asp10HII,CCANNNNNTGG,[CCANNNN/NTGG],sticky
Asp26HI,GAATGC,[GAATGCN/],sticky
Asp27HI,GAATGC,[GAATGCN/],sticky
Asp35HI,GAATGC,[GAATGCN/],sticky
Asp36HI,GAATGC,[GAATGCN/],sticky
Asp40HI,GAATGC,[GAATGCN/],sticky
Asp50HI,GAATGC,[GAATGCN/],sticky
Asp700I,GAANNNNTTC,[GAANN/NNTTC],blunt
Asp745I,GGWCC,[G/GWCC],sticky
AspAI,GGTNACC,[G/GTNACC],sticky
AspEI,GACNNNNNGTC,[GACNNN/NNGTC],sticky
AspHI,GWGCWC,[GWGCW/C],sticky
AspNI,GGNNCC,[GGN/NCC],blunt
Asp59I,GGNCC,[G/GNCC],sticky
AstWI,GRCGYC,[GR/CGYC],sticky
AsuI,GGNCC,[G/GNCC],sticky
AsuIII,GRCGYC,[GR/CGYC],sticky
AsuC2I,CCSGG,[CC/SGG],sticky
AsuHPI,GGTGA,[GGTGANNNNNNNN/],sticky
AtsI,GACNNNGTC,[GACN/NNGTC],sticky
AvaI,CYCGRG,[C/YCGRG],sticky
AvaII,GGWCC,[G/GWCC],sticky
AvcI,GGNCC,[G/GNCC],sticky
Bac36I,GGNCC,[G/GNCC],sticky
BaeI,ACNNNNGTAYC,[ACNNNNGTAYCNNNNNNNNNNNN/],sticky
Bal228I,GGNCC,[G/GNCC],sticky
BamNII,GGWCC,[G/GWCC],sticky
BanI,GGYRCC,[G/GYRCC],sticky
BanII,GRGCYC,[GRGCY/C],sticky
BasI,CCANNNNNTGG,[CCANNNN/NTGG],sticky
BavAII,GGNCC,[G/GNCC],sticky
BavBII,GGNCC,[G/GNCC],sticky
BbiII,GRCGYC,[GR/CGYC],sticky
Bbr7I,GAAGAC,[GAAGACNNNNNN/NNNNN],sticky
BbsI,GAAGAC,[GAAGACNN/NNNN],sticky
BbvI,GCAGC,[GCAGCNNNNNNNN/NNNN],sticky
BbvII,GAAGAC,[GAAGACNN/NNNN],sticky
Bbv12I,GWGCWC,[GWGCW/C],sticky
Bbv16II,GAAGAC,[GAAGACNN/NNNN],sticky
BbvAI,GAANNNNTTC,[GAANN/NNTTC],blunt
BbvBI,GGYRCC,[G/GYRCC],sticky
Bca77I,WCCGGW,[W/CCGGW],sticky
Bce4I,GCNNNNNNNGC,[GCNNNNN/NNGC],sticky
Bce22I,GGNCC,[G/GNCC],sticky
Bce83I,CTTGAG,[CTTGAGNNNNNNNNNNNNNNNN/],sticky
BceAI,ACGGC,[ACGGCNNNNNNNNNNNN/NN],sticky
BceCI,GCNNNNNNNGC,[GCNNNNN/NNGC],sticky
BcefI,ACGGC,[AGCCGNNNNNNNNNNNN/N],sticky
BcgI,CGANNNNNNTGC,[CGANNNNNNTGCNNNNNNNNNNNN/],sticky
BciBII,CCWGG,[CC/WGG],sticky
BciVI,GTATCC,[GTATCCNNNNNN/],sticky
BcnI,CCSGG,[CC/SGG],sticky
BcoI,CYCGRG,[C/YCGRG],sticky
Bco5I,CTCTTC,[CTCTTCN/NNN],sticky
Bco116I,CTCTTC,[CTCTTCN/NNN],sticky
Bco118I,RCCGGY,[R/CCGGY],sticky
BcoKI,CTCTTC,[CTCTTCN/NNN],sticky
BcuAI,GGWCC,[G/GWCC],sticky
BdiSI,CTRYAG,[C/TRYAG],sticky
BetI,WCCGGW,[W/CCGGW],sticky
BfiI,ACTGGG,[ACTGGGNNNNN/],sticky
Bfi89I,YGGCCR,[Y/GGCCR],sticky
BflI,CCNNNNNNNGG,[CCNNNNN/NNGG],sticky
BfmI,CTRYAG,[C/TRYAG],sticky
BfuI,GTATCC,[GTATCCNNNNNN/],sticky
BfuAI,ACCTGC,[ACCTGCNNNN/NNNN],sticky
BglI,GCCNNNNNGGC,[GCCNNNN/NGGC],sticky
BinI,GGATC,[GGATCNNNN/N],sticly
Bli736I,GGTCTC,[GGTCTCN/NNNN],sticky
BliHKI,CCTNAGG,[CC/TNAGG],sticky
BloHI,RGATCY,[R/GATCY],sticky
BlpI,GCTNAGC,[GC/TNAGC],sticky
Bme18I,GGWCC,[G/GWCC],sticky
Bme142I,RGCGCY,[RGC/GCY],blunt
Bme216I,GGWCC,[G/GWCC],sticky
Bme585I,CCCGC,[CCCGCNNNN/NN],sticky
Bme1390I,CCNGG,[CC/NGG],sticky
Bme1580I,GKGCMC,[GKGCM/C],sticky
BmrI,ACTGGG,[ACTGGGNNNNN/],sticky
BmyI,GDGCHC,[GDGCH/C],sticky
BoxI,GACNNNNGTC,[GACNN/NNGTC],blunt
BpcI,CTRYAG,[C/TRYAG],sticky
BpiI,GAAGAC,[GAAGACNN/NNNN],sticky
BplI,GAGNNNNNCTC,[GAGNNNNNCTCNNNNNNNNNNNNN/],sticky
BpmI,CTGGAG,CTGGAGNNNNNNNNNNNNNNNN/],sticky
BptI,CCWGG,[CC/WGG],sticky
BpuI,GRGCYC,[GRGCY/C],sticky
Bpu10I,CCTNAGC,[CC/TNAGC],sticky
Bpu1102I,GCTNAGC,[GC/TNAGC],sticky
BpuAI,GAAGAC,[GAAGACNN/NNNN],sticky
BpuDI,CCTNAGC,[CC/TNAGC],sticky
BpuEI,CTTGAG,[CTTGAGNNNNNNNNNNNNNNNN/],sticky
BpuJI,CCCGT,[CCCGTNNNNNNNNNNN/NNNNNNNN],sticky
BpuSI,GGGAC,[GGGACNNNNNNNNNN/NNNN],sticky
BsaI,GGTCTC,[GGTCTCN/NNNN],sticky
BsaAI,YACGTR,[YAC/GTR],blunt
BsaBI,GATNNNNATC,[GATNN/NNATC],blunt
BsaHI,GRCGYC,[GR/CGYC],sticky
BsaJI,CCNNGG,[C/CNNGG],sticky
BsaMI,GAATGC,[GAATGCN/],sticky
BsaOI,CGRYCG,[CGRY/CG],sticky
BsaWI,WCCGGW,[W/CCGGW],sticky
BsaXI,ACNNNNNCTCC,[ACNNNNNCTCCNNNNNNNNNN/],sticky
Bsc4I,CCNNNNNNNGG,[CCNNNNN/NNGG],sticky
Bsc91I,GAAGAC,[GAAGACNN/NNNN],sticky
Bsc107I,CCNNNNNNNGG,[CCNNNNN/NNGG],sticky
BscAI,GCATC,[GCATCNNNN/NN],sticky
BscBI,GGNNCC,[GGN/NCC],blunt
BscCI,GAATGC,[GAATGCN/],sticky
Bse1I,ACTGG,[ACTGGN/],sticky
Bse8I,GATNNNNATC,[GATNN/NNATC],blunt
Bse15I,CYCGRG,[C/YCGRG],sticky
Bse16I,CCWGG,[CC/WGG],sticky
Bse17I,CCWGG,[CC/WGG],sticky
Bse21I,CCTNAGG,[CC/TNAGG],sticky
Bse24I,CCWGG,[CC/WGG],sticky
Bse64I,GGTNACC,[G/GTNACC],sticky
Bse118I,RCCGGY,[R/CCGGY],sticky
Bse634I,RCCGGY,[R/CCGGY],sticky
BseBI,CCWGG,[CC/WGG],sticky
BseDI,CCNNGG,[C/CNNGG],sticky
Bse3DI,GCAATG,[GCAATGNN/],sticky
BseGI,GGATG,[GGATGNN/],sticky
BseJI,GATNNNNATC,[GATNN/NNATC],blunt
BseKI,GCAGC,[GCAGCNNNNNNNN/NNNN],sticky
BseLI,CCNNNNNNNGG,[CCNNNNN/NNGG],sticky
BseMI,GCAATG,[GCAATNN/],sticky
BseMII,CTCAG,[CTCAGNNNNNNNNNN/],sticky
BseNI,ACTGG,[ACTGGN/],sticky
BseRI,GAGGAG,[GAGGAGNNNNNNNNNN/],sticky
BseSI,GKGCMC,[GKGCM/C],sticky
BseT9I,GGTNACC,[G/GTNACC],sticky
BseT10I,GGTNACC,[G/GTNACC],sticky
BseXI,GCAGC,[GCAGCNNNNNNNN/NNNN],sticky
BseZI,CTCTTC,[CTCTTCN/NNN],sticky
BsgI,GTGCAG,[GTGCAGNNNNNNNNNNNNNNNN/],sticky
Bsh45I,GWGCWC,[GWGCW/C],sticky
Bsh1285I,CGRYCG,[CGRY/CG],sticky
Bsh1365I,GATNNNNATC,[GATNN/NNATC],blunt
BshGI,CCWGG,[CC/WGG],sticky
BshKI,GGNCC,[GGNCC],sticky
BshNI,GGYRCC,[G/GYRCC],sticky
BsiBI,GATNNNNATC,[GATNN/NNATC],blunt
BsiEI,CGRYCG,[CGRY/CG],sticky
BsiHKAI,GWGCWC,[GWGCW/C],sticky
BsiHKCI,CYCGRG,[C/YCGRG],sticky
BsiKI,GGTNACC,[G/GTNACC],sticky
BsiLI,CCWGG,[CC/WGG],sticky
BsiYI,CCNNNNNNNGG,[CCNNNNN/NNGG],sticky
BsiZI,GGNCC,[G/GNCC],sticky
BsiI,CCNNNNNNNGG,[CCNNNNN/NNGG],sticky
BsiFI,GGGAC,[GGGACNNNNNNNNNN/NNNN],sticky
BsmI,GAATGC,[GAATGCN/],sticky
BsmAI,GTCTC,[GTCTCN/NNNN],sticky
BsmBI,CGTCTC,[CGTCTCN/NNNN],sticky
BsmFI,GGGAC,[GGGACNNNNNNNNNN/NNNN],sticky
BsmSI,CCWWGG,[C/CWWGG],sticky
Bso31I,GGTCTC,[GGTCTCN/NNNN],sticky
BsoBI,CYCGRG,[C/YCGRG],sticky
BsoCI,GDGCHC,[GDGCH/C],sticky
BsoFI,GCNGC,[GC/NGC],sticky
BsoMAI,GTCTC,[GTCTCN/NNNN],sticky
Bsp6I,GCNGC,[Gc/NGC],sticky
Bsp24I,GACNNNNNNTGG,[GACNNNNNNTGGNNNNNNNNNNNN/],sticky
Bsp143II,RGCGCY,[RGCGC/Y],sticky
Bsp423I,GCAGC,[GCAGCNNNNNNNN/NNNN],sticky
Bsp519I,GRGCYC,[GRGCY/C],sticky
Bsp1286I,GDGCHC,[GDGCH/C],sticky
Bsp1720I,GCTNAGC,[GC/TNAGC],sticky
Bsp1894I,GGNCC,[G/GNCC],sticky
BspBII,GGNCC,[G/GNCC],sticky
BspBS31I,GAAGAC,[GAAGACNN/NNNN],sticky
BspCNI,CTCAG,[CTCAGNNNNNNNNN/],sticky
BspD6I,GACTC,[GACTCNNNN/NN],sticky
BspF4I,GGNCC,[G/GNCC],sticky
BspIS4I,GAAGAC,[GAAGACNN/NNNN],sticky
BspKT5I,CTGAAG,[CTGAAGNNNNNNNNNNNNNNNN/],sticky
BspLI,GGNNCC,[GGN/NCC],blunt
BspLS2I,GDGCHC,[GDGCH/C],sticky
BspLU4I,CYCGRG,[C/YCGRG],sticky
BspLU11III,GGGAC,[GGGACNNNNNNNNNN/NNNN],sticky
BspMI,ACCTGC,[ACCTGCNNNN/NNNN],sticky
BspNI,CCWGG,[CC/WGG],sticky
BspOVI,GACNNNNNGTC,[GACNNN/NNGTC],sticky
BspPI,GGATC,[GGATCNNNN/N],sticky
BspR7I,CCTNAGG,[CC/TNAGG],sticky
BspST5I,GCATC,[GCATCNNNNN/NNNN],sticky
BspT107I,GGYRCC,[G/GYRCC],sticky
BspTNI,GGTCTC,[GGTCTCN/NNNN],sticky
BspTS514I,GAAGAC,[GAAGACNN/NNNN],sticky
BspWI,GCNNNNNNNGC,[GCNNNNN/NNGC],sticky
BsrAI,GGWCC,[G/GWCC],sticky
BsrBRI,GATNNNNATC,[GATNN/NNATC],blunt
BsrDI,GCAATG,[GCAATGNN/],sticky
BsrFI,RCCGGY,[R/CCGGY],sticky
BssAI,RCCGGY,[R/CCGGY],sticky
BssECI,CCNNGG,[C/CNNGG],sticky
BssKI,CCNGG,[/CCNGG],sticky
BssNI,GRCGYC,[GR/CGYC],sticky
BssT1I,CCWWGG,[C/CWWGG],sticky
Bst1I,CCWGG,[CC/WGG],sticky
Bst2I,CCWGG,[CC/WGG],sticky
Bst6I,CTCTTC,[CTCTTCN/NNN],sticky
Bst11I,ACTGG,[ACTGGN/],sticky
Bst12I,GCAGC,[GCAGCNNNNNNNN/NNNN],sticky
Bst19I,GCATC,[GCATCNNNN/NN],sticky
Bst38I,CCWGG,[CC/WGG],sticky
Bst71I,GCAGC,[GCAGCNNNNNNNN/NNNN],sticky
Bst100I,CCWGG,[CC/WGG],sticky
BstACI,GRCGYC,[GR/CGYC],sticky
BstAPI,GCANNNNNTGC,[GCANNNN/NTGC],sticky
BstBAI,YACGTR,[YAC/GTR],blunt
BstB7SI,RCCGGY,[R/CCGGY],sticky
BstBS32I,GAAGAC,[GAAGACNN/NNNN],sticky
Bst4CI,ACNGT,[ACN/GT],sticky
BstC8I,GCNNGC,[GCN/NGC],blunt
BstDEI,CTNAG,[C/TNAG],sticky
BstDSI,CCRYGG,[C/CRYGG],sticky
BstEII,GGTNACC,[G/GTNACC],sticky
BstENI,CCTNNNNNAGG,[CCTNN/NNNAGG],sticky
BstF5I,GGATG,[GGATGNN/],sticky
BstFZ438I,CCCGC,[CCCGCNNNN/NN],sticky
BstGZ53I,CGTCTC,[CGTCTCN/NNNN],sticky
BstH2I,RGCGCY,[RGCGC/Y],sticky
BstH9I,GGATC,[GGATCNNNN/N],sticky
BstHZ55I,CCANNNNNNTGG,[CCANNNNN/NTGG],sticky
BstZ316I,CACNNNGTG,[CACNNN/GTG],sticky
BstJZ301I,CTNAG,[C/TNAG],sticky
BstN6I,CCWGG,[CC/WGG],sticky
BstMAI,GTCTC,[GTCTCN/NNNNN],sticky
BstMCI,CGRYCG,[CGRY/CG],sticky
BstMWI,GCNNNNNNNGC,[GCNNNNN/NNGC],sticky
BstMZ611I,CCNGG,[/CCNGG],sticky
BstNI,CCWGG,[CC/WGG],sticky
BstNSI,RCATGY,[RCATG/Y],sticky
BstOI,CCWGG,[CC/WGG],sticky
BstOZ616I,GGGAC,[GGGACNNNNNNNNNN/NNNN],sticky
BstPI,GGTNACC,[G/GTNACC],sticky
BstPAI,GACNNNNGTC,[GACNN/NNGTC],blunt
BstPZ418I,GGATG,[GGATGNNNNNNNNN/NNNN],sticky
BstSI,CYCGRG,[C/YCGRG],sticky
BstSCI,CCNGG,[/CCNGG],sticky
BstSFI,CTRYAG,[C/TRYAG],sticky
BstT9I,GGTNACC,[G/GTNACC],sticky
BstT10I,GGTNACC,[G/GTNACC],sticky
Bst31TI,GGATC,[GGATCNNNN/N],sticky
BstTS5I,GAAGAC,[GAAGACNN/NNNN],sticky
Bst2UI,CCWGG,[CC/WGG],sticky
BstV1I,GCAGC,[GCAGCNNNNNNNN/NNNN],sticky
BstV2I,GAAGAC,[GAAGACNN/NNNN],sticky
BstXI,CCANNNNNNTGG,[CCANNNNN/NTGG],sticky
BstX2I,RGATCY,[R/GATCY],sticky
BstYI,RGATCY,[R/GATCY],sticky
Bsu6I,CTCTTC,[CTCTTCN/NNN],sticky
Bsu36I,CCTNAGG,[CC/TNAGG],sticky
Bsu54I,GGNCC,[G/GNCC],sticky
Bsu1854I,GRGCYC,[GRGCY/C],sticky
BtgI,CCRYGG,[C/CRYGG],sticky
BtgZI,GCGATG,[GCGATGNNNNNNNNNN/NNNN],sticky
BthAI,GGWCC,[G/GWCC],sticky
BthCI,GCNGC,[GCNG/C],sticky
BthDI,CCWGG,[CC/WGG],sticky
BthEI,CCWGG,[CC/WGG],sticky
BtsI,GCAGTG,[GCAGTGNN/],sticky
BveI,ACCTGC,[ACCTGCNNNN/NNNN],sticky
BvuI,GRGCYC,[GRGCY/C],sticky
Cac8I,GCNNGC,[GCN/NGC],blunt
CaiI,CAGNNNCTG,[CAGNNN/CTG],sticky
CauI,GGWCC,[G/GWCC],sticky
CauII,CCSGG,[CC/SGG],sticky
CbrI,CCWGG,[CC/WGG],sticky
CcuI,GGNCC,[G/GNCC],sticky
CelII,GCTNAGC,[GC/TNAGC],sticky
CfrI,YGGCCR,[Y/GGCCR],sticky
Cfr10I,RCCGGY,[R/CCGGY],sticky
Cfr13I,GGNCC,[G/GNCC],sticky
CfrBI,CCWWGG,[C/CWWGG],sticky
CjeI,CCANNNNNNGT,[CCANNNNNNGTNNNNNNNNNNNNNNN/],sticky
CjePI,CCANNNNNNNTC,[CCANNNNNNNTCNNNNNNNNNNNNNN/],sticky
CpoI,CGGWCCG,[CG/GWCCG],sticky
CspI,CGGWCCG,[CG/GWCCG],sticky
CspCI,CAANNNNNGTGG,[CAANNNNNGTGGNNNNNNNNNNNN/],sticky
Csp68KI,GGWCC,[G/GWCC],sticky
CstMI,AAGGAG,[AAGGAGNNNNNNNNNNNNNNNNNNNN/],sticky
CthII,CCWGG,[CC/WGG],sticky
CviBI,GANTC,[G/AMTC],sticky
CviJI,RGCY,[RG/CY],blunt
CviTI,RGCY,[RG/CY],blunt
CvnI,CCTNAGG,[CC/TNAGG],sticky
DdeI,CTNAG,[C/TNAG],sticky
DraII,RGGNCCY,[RG/GNCCY],sticky
DraIII,CACNNNGTG,[CACNNN/GTG],sticky
DrdI,GACNNNNNNGTC,[GACNNNN/NNGTC],sticky
DriI,GACNNNNNGTC,[GACNNN/NNGTC],sticky
DsaI,CCRYGG,[C/CRYGG],sticky
DsaIII,RGATCY,[R/GATCY],sticky
DsaIV,GGWCC,[G/GWCC],sticky
DsaV,CCNGG,[/CCNGG],sticky
DseDI,GACNNNNNNGTC,[GACNNNN/NNGTC],sticky
EacI,GGATC,[GGATCNNNN/N],sticky
EaeI,YGGCCR,[Y/GGCCR],sticky
EagMI,GGWCC,[G/GWCC],sticky
Eam1104I,CTCTTC,[CTCTTCN/NNN],sticky
Eam1105I,GACNNNNNGTC,[GACNNN/NNGTC],sticky
EarI,CTCTTC,[CTCTTCN/NNN],sticky
EcaI,GGTNACC,[G/GTNACC],sticky
EciI,GGCGGA,[GGCGGANNNNNNNNNNN/],sticky
Eci125I,GGTNACC,[G/GTNACC],sticky
EclHKI,GACNNNNNGTC,[GACNNN/NNGTC],sticky
Ecl18kI,CCNGG,[/CCNGG],sticky
Eco24I,GRGCYC,[GRGCY/C],sticky
Eco31I,GGTCTC,[GGTGTGN/NNNN],sticky
Eco47I,GGWCC,[G/GWCC],sticky
Eco57I,CTGAAG,[CTGAAGNNNNNNNNNNNNNNNN/],sticky
Eco64I,GGYRCC,[G/GYRCC],sticky
Eco81I,CCTNAGG,[CC/TNAGG],sticky
Eco88I,CYCGRG,[C/YCGRG],sticky
Eco91I,GGTNACC,[G/GTNACC],sticky
Eco130I,CCWWGG,[C/CWWGG],sticky
Eco1831I,CCSGG,[/CCSGG],sticky
EcoA4I,GGTCTC,[GGTCTCN/NNNN],sticky
EcoHI,CCSGG,[/CCSGG],sticky
EcoHK31I,YGGCCR,[Y/GGCCR],sticky
Eco75KI,GRGCYC,[GRGCY/C],sticky
Eco57MI,CTCRAG,[CTGRAGNNNNNNNNNNNNNNNN/],sticky
EcoNI,CCTNNNNNAGG,[CCTNN/NNNAGG],sticky
EcoO44I,GGTCTC,[GGTCTCN/NNNN],sticky
EcoO65I,GGTNACC,[G/GTNACC],sticky
EcoO109I,RGGNCCY,[RG/GNCCY],sticky
EcoO128I,GGTNACC,[G/GTNACC],sticky
EcoP15I,CACGAG,[CACGAGNNNNNNNNNNNNNNNNNNNNNNNNNNN/],sticky
EcoR124II,GAANNNNNNNRTCG,[no data],undefied
EcoRII,CCWGG,[/CCWGG],sticky
EcoT14I,CCWWGG,[C/CWWGG],sticky
EcoT38I,GRGCYC,[GRGCY/C],sticky
Eco13kI,CCNGG,[/CCNGG],sticky
Eco21kI,CCNGG,[/CCNGG],sticky
Eco27kI,CYCGRG,[C/YCGRG],sticky
Eco137kI,CCNGG,[/CCNGG],sticky
ErhI,CCWWGG,[C/CWWGG],sticky
ErgB9II,CCWWGG,[C/CWWGG],sticky
ErpI,GGWCC,[G/GWCC],sticky
EspI,GCTNAGC,[GC/TNAGC],sticky
Esp3I,CGTCTC,[CGTGTGN/NNNN],sticky
Esp1396I,CCANNNNNTGG,[CCANNNN/NTGG],sticky
FalI,AAGNNNNNCTT,[AAGNNNNNCTTNNNNNNNNNNNNN/],sticky
FaqI,GGGAC,[GGGACNNNNNNNNNN/NNNN],sticky
FauI,CCCGC,[CCCGCNNNN/NN],sticky
FblI,GTMKAC,[GT/MKAC],sticky
FbrI,GCNGC,[GC/NGC],sticky
FdiI,GGWCC,[G/GWCC],sticky
FmuI,GGNCC,[GGNC/C],sticky
FnuAI,GANTC,[G/ANTC],sticky
Fnu4HI,GCNGC,[GC/NGC],sticky
FokI,GGATG,[GGATGNNNNNNNNN/NNNN],sticky
FriOI,GRGCYC,[GRGCY/C],stcky
FsiI,RAATTY,[R/AATTY],sticky
Fsp1604I,CCWGG,[CC/WGG],sticky
FspAI,RTGCGCAY,[RTGC/GCAY],blunt
Fsp4HI,GCNGC,[GC/NGC],sticky
FspMSI,GGWCC,[G/GWCC],sticky
FssI,GGWCC,[G/GWCC],sticky
GdiII,CGGCCR,[C/GGCCR],sticky
GsuI,CTGCAG,[CTGGAGNNNNNNNNNNNNNNNN/],sticky
HaeI,WGGCCW,[WGG/CCW],blunt
HaeII,RGCGCY,[RGCGC/Y],sticky
HaeIV,GATNNNNNRTC,[GAYNNNNNRTCNNNNNNNNNNNNNN/],sticky
HgaI,GACGC,[GACGCNNNNN/NNNNN],sticky
HgiAI,GWGCWC,[GWGCW/C],sticky
HgiBI,GGWCC,[G/GWCC],sticky
HgiCI,GGYRCC,[G/GYRCC],sticky
HgiCII,GGWCC,[G/GWCC],sticky
HgiDI,GRCGYC,[GR/CGYC],sticky
HgiEI,GGWCC,[G/GWCC],sticky
HgiGI,GRCGYC,[GR/CGYC],sticky
HgiHI,GGYRCC,[G/GYRCC],sticky
HgiHII,GRCGYC,[GR/CGYC],sticky
HgiHIII,GGWCC,[G/GWCC],sticky
HgiJI,GGWCC,[G/GWCC],sticky
HgiJII,GRGCYC,[GRGCY/C],sticky
HgiS22I,CCSGG,[CC/SGG],sticky
HhaII,GANTC,[G/ANTC],sticky
Hin1I,GRCGYC,[GR/CGYC],sticky
Hin4I,GAYNNNNNVTC,[GAYNNNNNVTCNNNNNNNNNNNNN/],sticky
HinJCI,GTYRAC,[GTY/RAC],blunt
HincII,GTYRAC,[GTY/RAC],blunt
HindII,GTYRAC,[GTY/RAC],blunt
HinfI,GANTC,[G/ANTC],sticky
HphI,GGTGA,[GGTGANNNNNNNN/],sticky
Hpy8I,GTNNAC,[GTN/NAC],blunt
Hpy51I,GTSAC,[/GTSAC],sticky
Hpy99I,CGWCG,[CGWCG/],sticky
Hpy178III,TCNNGA,[TC/NNGA],sticky
Hpy188I,TCNGA,[TCN/GA],sticky
Hpy188III,TCNNGA,[TC/NNGA],sticky
HpyAV,CCTTC,[CCTTCNNNNNN/],sticky
HpyBII,GTNNAC,[GTN/NAC],blunt
HpyC1I,CCATC,[CCATGNNNN/N],sticky
HpyCH4III,ACNGT,[ACN/GT],sticky
HpyF10VI,GCNNNNNNNGC,[GCNNNNN/NNGC],sticky
Hsp92I,GRCGYC,[GR/CGYC],sticky
ItaI,GCNGC,[GC/NGC],sticky
Kaz48kI,RGGNCCY,[RGGNC/CY],sticky
KoxII,GRGCYC,[GRGCY/C],sticky
Kpn2kI,CCNGG,[/CCNGG],sticky
Kpn49kII,CCSGG,[/CCSGG],sticky
Ksp632I,CTCTTC,[CTCTTCN/NNN],sticky
Kzo49I,GGWCC,[G/GWCC],sticky
LlaBI,CTRYAG,[C/TRYAG],sticky
Lmu60I,CCTNAGG,[CC/TNAGG],sticky
LpnI,RGCGCY,[RGC/GCY],sticky
LweI,GCATC,[GCATCNNNNN/NNNN],sticky
MabI,ACCWGGT,[A/CCWGGT],sticky
MaeIII,GTNAC,[/GTNAC],sticky
MaeK81II,GGNCC,[G/GNCC],sticky
MamI,GATNNNNATC,[GATNN/NNATC],sticky
MboII,GAAGA,[GAAGANNNNNNNN/],sticky
McrI,CGRYCG,[CGRY/CG],sticky
MflI,RGATCY,[R/GATCY],sticky
Mgl14481I,CCSGG,[CC/SGG],sticky
MhlI,GDGCHC,[GDGCH/C],sticky
MmeI,TCCRAC,[TCCRACNNNNNNNNNNNNNNNNNNNN/],sticky
MnlI,CCTC,[CCTCNNNNNNN/],sticky
MroXI,GAANNNNTTC,[GAANN/NNTTC],blunt
MslI,CAYNNNNRTG,[CAYNN/NNRTG],blunt
Msp17I,GRCGYC,[GR/CGYC],sticky
Msp67I,CCNGG,[CC/NGG],sticky
MspA1I,CMGCKG,[CMG/CKG],blunt
MspB4I,GGYRCC,[G/GYRCC],sticky
MspR9I,CCNGG,[CC/NGG],sticky
MspV281I,GWGCWC,[GWGCW/C],sticky
MspYI,YACGTR,[YAC/GTR],blunt
MstI,CCTNAGG,[CC/TNAGG],sticky
MvaI,CCWGG,[CC/WGG],sticky
Mva1269I,GAATGC,[GAATGCN/],sticky
MwoI,GCNNNNNNNGC,[GCNNNNN/NNGC],sticky
NciI,CCSGG,[CC/SGG],sticky
NcuI,GAAGA,[GAAGANNNNNNNN/],sticky
NlaIV,GGNNCC,[GGN/NCC],blunt
Nli3877I,CYCGRG,[CYCGR/G],sticky
NmuCI,GTSAC,[/GTSAC],sticky
NruGI,GACNNNNNGTC,[GACNNN/NNGTC],sticky
NspI,RCATGY,[RCATG/Y],sticky
NspII,GDGCHC,[GDGCH/C],sticky
NspIII,CYCGRG,[C/YCGRG],sticky
NspIV,GGNCC,[G/GNCC],sticky
Nsp7121I,GGNCC,[G/GNCC],sticky
NspBII,CMGCKG,[CMG/CKG],blunt
NspHI,RCATGY,[RCATG/Y],sticky
NspSAI,CYCGRG,[C/YCGRG],sticky
NspSAII,GGTNACC,[G/GTNACC],sticky
OfoI,CYCGRG,[C/YCGRG],sticky
OliI,CACNNNNGTG,[CACNN/NNGTG],blunt
OxaNI,CCTNAGG,[CC/TNAGG],sticky
PaeHI,GRGCYC,[GRGCY/C],sticky
PamII,GRCGYC,[GR/CGYC],sticky
PasI,CCCWGGG,[CC/CWGGG],sticky
PauAI,RCATGY,[RCATG/Y],sticky
PctI,GAATGC,[GAATGCN/],sticky
Pde12I,GGNCC,[G/GNCC],sticky
PdmI,GAANNNNTTC,[GAANN/NNTTC],blunt
PfaAI,GGYRCC,[G/GYRCC],sticky
PfeI,GAWTC,[G/AWTC],sticky
Pfl27I,RGGWCCY,[RG/GWCCY],sticky
PflBI,CCANNNNNTGG,[CCANNNN/NTGG],sticky
PflFI,GACNNNGTC,[GACN/NNGTC],sticky
PflMI,CCANNNNNTGG,[CCANNNN/NTGG],sticky
PfoI,TCCNGGA,[T/CCNGGA],sticky
PhaI,GCATC,[GCATCNNNNN/NNNN],sticky
PlaAI,CYCGRG,[C/YCGRG],sticky
PleI,GAGTC,[GAGTCNNNN/N],sticky
PpiI,GAACNNNNNCTC,[GAACNNNNNCTCNNNNNNNNNNNNN/],sticky
PpsI,GAGTC,[GAGTCNNNN/N],sticky
PpuMI,RGGWCCY,[RG/GWCCY],sticky
PpuXI,RGGWCCY,[RG/GWCCY],sticky
PshAI,GACNNNNGTC,[GACNN/NNGTC],blunt
Psp03I,GGWCC,[GGWC/C],sticky
Psp5II,RGGWCCY,[RG/GWCCY],sticky
Psp6I,CCWGG,[/CCWGG],sticky
PspEI,GGTNACC,[G/GTNACC],sticky
PspGI,CCWGG,[/CCWGG],sticky
PspN4I,GGNNCC,[GGN/NCC],blunt
PspPI,GGNCC,[G/GNCC],sticky
PspPPI,RGGWCCY,[RG/GWCCY],sticky
PspXI,VCTCGAGB,[VC/TCGAGB],sticky
PsrI,GAACNNNNNNTAC,[GAACNNNNNNTACNNNNNNNNNNNN/],sticky
PssI,RGGNCCY,[RGGNC/CY],sticky
PsuI,RGATCY,[R/CATCY],sticky
PsuAI,YACGTR,[YAC/GTR],blunt
PsyI,GACNNNGTC,[GACN/NNGTC],sticky
PunAI,CYCGRG,[C/YCGRG],sticky
PunAII,RCATGY,[RCATG/Y],sticky
RleAI,CCCACA,[CCCACANNNNNNNNNNNN/],sticky
RsrII,CGGWCCG,[CG/GWCCG],sticky
Rsr2I,CGGWCCG,[CG/GWCCG],sticky
SacNI,GRGCYC,[GRGCY/C],sticky
SanDI,GGGWCCC,[GG/GWCCC],sticky
SapI,GCTCTTC,[GCTCTTCN/NNN],sticky
SatI,GCNGC,[GC/NGC],sticky
SauI,CCTNAGG,[CC/TNAGG],sticky
Sau96I,GGNCC,[G/GNCC],sticky
SchI,GAGTC,[GAGTCNNNNN/],blunt
ScrFI,CCNGG,[CC/NGG],sticky
SdiI,GGCCNNNNNGGCC,[GGCCNNNN/NGGCC],sticky
SduI,GDGCHC,[GDGCH/C],sticky
SecI,CCNNGG,[C/CNNGG],sticky
SexAI,ACCWGGT,[A/CCWGGT],sticky
SfaNI,GCATC,[GCATCNNNNN/NNNN],sticky
SfcI,CTRYAG,[C/TRYAG],sticky
SfeI,CTRYAG,[C/TRYAG],sticky
SfiI,GGCCNNNNNGGCC,[GGCCNNNN/NGGCC],sticky
SgrAI,CRCCGGYG,[CR/CCGGYG],sticky
SinI,GGWCC,[G/GWCC],sticky
SleI,CCWGG,[/CCWGG[,sticky
SmiMI,CAYNNNNRTG,[CAYNN/NNRTG],blunt
SmlI,CTYRAG,[C/TYRAG],sticky
SmuI,CCCGC,[CCCGCNNNN/NN],sticky
SmuEI,GGWCC,[G/GWCC],sticky
SniI,CCWGG,[CC/WGG],sticky
Srl56DI,CTRYAG,[C/TRYAG],sticky
SscL1I,GANTC,[G/ANTC],sticky
Sse1825I,GGGWCCC,[GG/GWCCC],sticky
Sse8647I,AGGWCCT,[AG/GWCCT],sticky
SshAI,CCTNAGG,[CC/TNAGG],sticky
SslI,CCWGG,[CC/WGG],stkicky
SsoII,CCNGG,[/CCNGG],sticky
SspAI,CCWGG,[/CCWGG],sticky
SspD5I,GGTGA,[GGTGANNNNNNNN/],blunt
Sth117I,CCWGG,[CC/WGG],sticky
Sth132I,CCCG,[CCCGNNNN/NNNN],sticky
StsI,GGATG,[GGATGNNNNNNNNNN/NNNN],sticky
StyI,CCWWGG,[C/CWWGG],sticky
StyD4I,CCNGG,[/CCNGG],sticky
SuiI,GCWGC,[G/CWGC],sticky
TaaI,ACNGT,[ACN/GT],sticky
TaqII,GACCGA,[GACCGANNNNNNNNNNN/],sticky
Taq52I,GCWGC,[G/CWGC],sticky
TaqXI,CCWGG,[CC/WGG],sticky
TatI,WGTACW,[W/GTACW],sticky
TauI,GCSGC,[GCSG/C],sticky
TelI,GACNNNGTC,[GACN/NNGTC],sticky
TfiI,GAWTC,[G/AWTC],sticky
Tru201I,RGATCY,[R/GATCY],sticky
TseI,GCWGC,[G/CWGC],sticky
Tsp1I,ACTGG,[ACTGGN/],sticky
Tsp45I,GTSAC,[/GTSAC],sticky
TspBI,CCRYGG,[C/CRYGG],sticky
Tsp4CI,ACNGT,[ACN/GT],sticky
TspDTI,ATGAA,[ATGAANNNNNNNNNNN/],sticky
Tsp8EI,GCCNNNNNGGC,[GCCNNNN/NGGC],sticky
TspGWI,ACGGA,[ACGGANNNNNNNNNNN/],sticky
TspRI,CASTGNN,[CASTGNN/],sticky
Tth111I,GACNNNGTC,[GACN/NNGTC],sticky
Tth111II,CAARCA,[CAARCANNNNNNNNNNN/],sticky
UnbI,GGNCC,[/GGNCC],sticky
Uur960I,GCNGC,[GC/NGC],sticky
Van91I,CCANNNNNTGG,[CCANNNN/NTGG],sticky
VpaK32I,GCTCTTC,[GCTCTTCN/NNN],sticky
VpaK11AI,GGWCC,[/GGWCC],sticky
VpaK11BI,GGWCC,[G/GWCC],sticky
XagI,CCTNNNNNAGG,[CCTNN/NNNAGG],sticky
XapI,RAATTY,[R/AATTY],sticky
XceI,RCATGY,[RCATG/Y],sticky
XcmI,CCANNNNNNNNNTGG,[CCANNNNN/NNNNTGG],sticky
XhoII,RGATCY,[R/GATCY],sticky
XmiI,GTMKAC,[GT/MKAC],sticky
XmnI,GAANNNNTTC,[GAANN/NNTTC],blunt
ZanI,CCWGG,[CC/WGG],sticky
